<?xml version="1.0" encoding="UTF-8"?>
<project-private xmlns="http://www.netbeans.org/ns/project-private/1">
    <editor-bookmarks xmlns="http://www.netbeans.org/ns/editor-bookmarks/2" lastBookmarkId="0"/>
    <open-files xmlns="http://www.netbeans.org/ns/projectui-open-files/2">
        <group>
            <file>file:/D:/New%20folder/buoi5/src/buoi5/HangHoa.java</file>
            <file>file:/D:/New%20folder/buoi5/src/buoi5/KhachHang.java</file>
            <file>file:/D:/New%20folder/buoi5/src/buoi5/HoaDon.java</file>
            <file>file:/D:/New%20folder/buoi5/src/buoi5/Buoi5.java</file>
            <file>file:/D:/New%20folder/buoi5/src/buoi5/ChiTiet.java</file>
            <file>file:/D:/New%20folder/buoi5/src/buoi5/Date.java</file>
            <file>file:/D:/New%20folder/buoi5/src/buoi5/KhachHangVIP.java</file>
        </group>
    </open-files>
</project-private>
